id_subsistema;nom_subsistema;din_instante;val_cargaenergiamwmed
N;Norte;2022-01-01;5036.49695833
NE;Nordeste;2022-01-01;10017.78033333
S;Sul;2022-01-01;9892.03791667
SE;Sudeste/Centro-Oeste;2022-01-01;31543.82729167
N;Norte;2022-01-02;5330.57254167
NE;Nordeste;2022-01-02;10173.42491667
S;Sul;2022-01-02;10932.61854167
SE;Sudeste/Centro-Oeste;2022-01-02;33939.79654167
N;Norte;2022-01-03;5940.53366667
NE;Nordeste;2022-01-03;10968.39145833
S;Sul;2022-01-03;13622.07341667
SE;Sudeste/Centro-Oeste;2022-01-03;40361.91179167
N;Norte;2022-01-04;6025.88079167
NE;Nordeste;2022-01-04;11422.58091667
S;Sul;2022-01-04;13947.35933333
SE;Sudeste/Centro-Oeste;2022-01-04;41904.74762500
N;Norte;2022-01-05;6053.98079167
NE;Nordeste;2022-01-05;11565.05620833
S;Sul;2022-01-05;13600.00045833
SE;Sudeste/Centro-Oeste;2022-01-05;42250.06687500
N;Norte;2022-01-06;6187.69154167
NE;Nordeste;2022-01-06;11702.18837500
S;Sul;2022-01-06;12916.30154167
SE;Sudeste/Centro-Oeste;2022-01-06;42250.80029167
N;Norte;2022-01-07;6147.64179167
NE;Nordeste;2022-01-07;11584.59766667
S;Sul;2022-01-07;12635.79425000
SE;Sudeste/Centro-Oeste;2022-01-07;40976.55325000
N;Norte;2022-01-08;5737.67583333
NE;Nordeste;2022-01-08;11029.52412500
S;Sul;2022-01-08;11234.50275000
SE;Sudeste/Centro-Oeste;2022-01-08;37334.58204167
N;Norte;2022-01-09;5522.26241667
NE;Nordeste;2022-01-09;10449.04870833
S;Sul;2022-01-09;10008.87183333
SE;Sudeste/Centro-Oeste;2022-01-09;33795.73233333
N;Norte;2022-01-10;6078.00116667
NE;Nordeste;2022-01-10;11603.64470833
S;Sul;2022-01-10;13015.44604167
SE;Sudeste/Centro-Oeste;2022-01-10;38787.75491667
N;Norte;2022-01-11;6015.45345833
NE;Nordeste;2022-01-11;11617.86425000
S;Sul;2022-01-11;14007.74558333
SE;Sudeste/Centro-Oeste;2022-01-11;40189.13545833
N;Norte;2022-01-12;5965.90562500
NE;Nordeste;2022-01-12;11588.97808333
S;Sul;2022-01-12;14496.39745833
SE;Sudeste/Centro-Oeste;2022-01-12;40960.94387500
N;Norte;2022-01-13;6001.70487500
NE;Nordeste;2022-01-13;11622.98400000
S;Sul;2022-01-13;14619.48133333
SE;Sudeste/Centro-Oeste;2022-01-13;41782.56687500
N;Norte;2022-01-14;5858.81600000
NE;Nordeste;2022-01-14;11198.48062500
S;Sul;2022-01-14;15056.54241667
SE;Sudeste/Centro-Oeste;2022-01-14;42686.65008333
N;Norte;2022-01-15;5688.60600000
NE;Nordeste;2022-01-15;10654.61700000
S;Sul;2022-01-15;13438.65591667
SE;Sudeste/Centro-Oeste;2022-01-15;40398.09383333
N;Norte;2022-01-16;5513.00479167
NE;Nordeste;2022-01-16;10187.80116667
S;Sul;2022-01-16;11939.35920833
SE;Sudeste/Centro-Oeste;2022-01-16;37088.87625000
N;Norte;2022-01-17;5685.08279167
NE;Nordeste;2022-01-17;11166.44933333
S;Sul;2022-01-17;14839.69425000
SE;Sudeste/Centro-Oeste;2022-01-17;43035.03404167
N;Norte;2022-01-18;5647.71845833
NE;Nordeste;2022-01-18;11561.46766667
S;Sul;2022-01-18;15099.88958333
SE;Sudeste/Centro-Oeste;2022-01-18;44750.63133333
N;Norte;2022-01-19;5704.34125000
NE;Nordeste;2022-01-19;11772.13529167
S;Sul;2022-01-19;15639.57387500
SE;Sudeste/Centro-Oeste;2022-01-19;44666.74508333
N;Norte;2022-01-20;5934.15116667
NE;Nordeste;2022-01-20;11923.90395833
S;Sul;2022-01-20;16211.40595833
SE;Sudeste/Centro-Oeste;2022-01-20;44424.26700000
N;Norte;2022-01-21;6014.05291667
NE;Nordeste;2022-01-21;12056.08345833
S;Sul;2022-01-21;16082.35037500
SE;Sudeste/Centro-Oeste;2022-01-21;45185.93829167
N;Norte;2022-01-22;5744.53066667
NE;Nordeste;2022-01-22;11385.66000000
S;Sul;2022-01-22;14285.59350000
SE;Sudeste/Centro-Oeste;2022-01-22;42118.95354167
N;Norte;2022-01-23;5406.52437500
NE;Nordeste;2022-01-23;10739.73216667
S;Sul;2022-01-23;12979.07733333
SE;Sudeste/Centro-Oeste;2022-01-23;39502.17012500
N;Norte;2022-01-24;5813.93000000
NE;Nordeste;2022-01-24;11775.99987500
S;Sul;2022-01-24;16219.35104167
SE;Sudeste/Centro-Oeste;2022-01-24;45720.87500000
N;Norte;2022-01-25;5966.82687500
NE;Nordeste;2022-01-25;11924.79637500
S;Sul;2022-01-25;16176.98766667
SE;Sudeste/Centro-Oeste;2022-01-25;46369.54083333
N;Norte;2022-01-26;5833.20150000
NE;Nordeste;2022-01-26;11852.56745833
S;Sul;2022-01-26;16214.91404167
SE;Sudeste/Centro-Oeste;2022-01-26;46023.03504167
N;Norte;2022-01-27;5867.28329167
NE;Nordeste;2022-01-27;11640.86566667
S;Sul;2022-01-27;14837.46145833
SE;Sudeste/Centro-Oeste;2022-01-27;46114.84537500
N;Norte;2022-01-28;5737.69700000
NE;Nordeste;2022-01-28;11612.52341667
S;Sul;2022-01-28;13116.38170833
SE;Sudeste/Centro-Oeste;2022-01-28;45315.99229167
N;Norte;2022-01-29;5433.08945833
NE;Nordeste;2022-01-29;10794.30012500
S;Sul;2022-01-29;11266.18862500
SE;Sudeste/Centro-Oeste;2022-01-29;40549.37062500
N;Norte;2022-01-30;5093.00425000
NE;Nordeste;2022-01-30;10286.51845833
S;Sul;2022-01-30;9918.63116667
SE;Sudeste/Centro-Oeste;2022-01-30;36236.51954167
N;Norte;2022-01-31;5670.21512500
NE;Nordeste;2022-01-31;11569.05516667
S;Sul;2022-01-31;13359.83445833
SE;Sudeste/Centro-Oeste;2022-01-31;41717.44029167
N;Norte;2022-02-01;5936.60987500
NE;Nordeste;2022-02-01;11945.15204167
S;Sul;2022-02-01;14187.80062500
SE;Sudeste/Centro-Oeste;2022-02-01;42687.66995833
N;Norte;2022-02-02;6074.66570833
NE;Nordeste;2022-02-02;12123.80516667
S;Sul;2022-02-02;14646.09266667
SE;Sudeste/Centro-Oeste;2022-02-02;42921.06741667
N;Norte;2022-02-03;5991.46295833
NE;Nordeste;2022-02-03;12097.95004167
S;Sul;2022-02-03;15239.14554167
SE;Sudeste/Centro-Oeste;2022-02-03;43013.94662500
N;Norte;2022-02-04;5949.16470833
NE;Nordeste;2022-02-04;12000.96454167
S;Sul;2022-02-04;14777.66741667
SE;Sudeste/Centro-Oeste;2022-02-04;43901.27691667
N;Norte;2022-02-05;5688.32187500
NE;Nordeste;2022-02-05;11362.32062500
S;Sul;2022-02-05;12535.88879167
SE;Sudeste/Centro-Oeste;2022-02-05;41654.31833333
N;Norte;2022-02-06;5521.45645833
NE;Nordeste;2022-02-06;10773.14870833
S;Sul;2022-02-06;10282.30733333
SE;Sudeste/Centro-Oeste;2022-02-06;38076.18725000
N;Norte;2022-02-07;5959.12245833
NE;Nordeste;2022-02-07;12156.49879167
S;Sul;2022-02-07;12824.12950000
SE;Sudeste/Centro-Oeste;2022-02-07;43052.68158333
N;Norte;2022-02-08;6100.83054167
NE;Nordeste;2022-02-08;12318.48754167
S;Sul;2022-02-08;13427.25816667
SE;Sudeste/Centro-Oeste;2022-02-08;42445.03479167
N;Norte;2022-02-09;6143.04425000
NE;Nordeste;2022-02-09;12325.70400000
S;Sul;2022-02-09;13722.75116667
SE;Sudeste/Centro-Oeste;2022-02-09;41851.58912500
N;Norte;2022-02-10;6135.74754167
NE;Nordeste;2022-02-10;12346.71504167
S;Sul;2022-02-10;14135.50237500
SE;Sudeste/Centro-Oeste;2022-02-10;41889.90612500
N;Norte;2022-02-11;6006.98050000
NE;Nordeste;2022-02-11;12357.47358333
S;Sul;2022-02-11;14563.02679167
SE;Sudeste/Centro-Oeste;2022-02-11;42390.44683333
N;Norte;2022-02-12;5951.77083333
NE;Nordeste;2022-02-12;11804.30870833
S;Sul;2022-02-12;12765.36333333
SE;Sudeste/Centro-Oeste;2022-02-12;39633.33129167
N;Norte;2022-02-13;5584.09079167
NE;Nordeste;2022-02-13;10861.51200000
S;Sul;2022-02-13;11139.91912500
SE;Sudeste/Centro-Oeste;2022-02-13;36723.45016667
N;Norte;2022-02-14;5969.56587500
NE;Nordeste;2022-02-14;11984.96600000
S;Sul;2022-02-14;13968.59941667
SE;Sudeste/Centro-Oeste;2022-02-14;44097.19441667
N;Norte;2022-02-15;6008.99391667
NE;Nordeste;2022-02-15;12073.78454167
S;Sul;2022-02-15;14459.25758333
SE;Sudeste/Centro-Oeste;2022-02-15;45117.92675000
N;Norte;2022-02-16;6065.88312500
NE;Nordeste;2022-02-16;12106.08945833
S;Sul;2022-02-16;14668.13054167
SE;Sudeste/Centro-Oeste;2022-02-16;44657.77287500
N;Norte;2022-02-17;6082.46150000
NE;Nordeste;2022-02-17;12185.81875000
S;Sul;2022-02-17;14707.56754167
SE;Sudeste/Centro-Oeste;2022-02-17;43863.52537500
N;Norte;2022-02-18;6087.00020833
NE;Nordeste;2022-02-18;11905.93841667
S;Sul;2022-02-18;14043.86975000
SE;Sudeste/Centro-Oeste;2022-02-18;43385.83937500
N;Norte;2022-02-19;5481.77575000
NE;Nordeste;2022-02-19;11367.60925000
S;Sul;2022-02-19;12176.51279167
SE;Sudeste/Centro-Oeste;2022-02-19;39723.37133333
N;Norte;2022-02-20;5239.54329167
NE;Nordeste;2022-02-20;10683.28912500
S;Sul;2022-02-20;11406.84445833
SE;Sudeste/Centro-Oeste;2022-02-20;36760.33400000
N;Norte;2022-02-21;5814.07937500
NE;Nordeste;2022-02-21;11413.17229167
S;Sul;2022-02-21;14721.57783333
SE;Sudeste/Centro-Oeste;2022-02-21;43690.44758333
N;Norte;2022-02-22;5830.84645833
NE;Nordeste;2022-02-22;11799.01500000
S;Sul;2022-02-22;15088.18050000
SE;Sudeste/Centro-Oeste;2022-02-22;45265.65491667
N;Norte;2022-02-23;5853.30066667
NE;Nordeste;2022-02-23;11918.82416667
S;Sul;2022-02-23;14903.53866667
SE;Sudeste/Centro-Oeste;2022-02-23;45870.00212500
N;Norte;2022-02-24;5991.15020833
NE;Nordeste;2022-02-24;12021.33237500
S;Sul;2022-02-24;15048.16820833
SE;Sudeste/Centro-Oeste;2022-02-24;45666.88908333
N;Norte;2022-02-25;6023.62933333
NE;Nordeste;2022-02-25;11971.15412500
S;Sul;2022-02-25;15101.33945833
SE;Sudeste/Centro-Oeste;2022-02-25;46003.76858333
N;Norte;2022-02-26;5638.77733333
NE;Nordeste;2022-02-26;11347.29495833
S;Sul;2022-02-26;13219.66816667
SE;Sudeste/Centro-Oeste;2022-02-26;42180.65508333
N;Norte;2022-02-27;5315.54283333
NE;Nordeste;2022-02-27;10602.52770833
S;Sul;2022-02-27;11890.95883333
SE;Sudeste/Centro-Oeste;2022-02-27;38960.04645833
N;Norte;2022-02-28;5509.51937500
NE;Nordeste;2022-02-28;11267.40904167
S;Sul;2022-02-28;14121.62050000
SE;Sudeste/Centro-Oeste;2022-02-28;43195.03004167
N;Norte;2022-03-01;5265.72679167
NE;Nordeste;2022-03-01;11367.42150000
S;Sul;2022-03-01;13533.69116667
SE;Sudeste/Centro-Oeste;2022-03-01;43311.32020833
N;Norte;2022-03-02;5589.00695833
NE;Nordeste;2022-03-02;12111.47787500
S;Sul;2022-03-02;14360.92133333
SE;Sudeste/Centro-Oeste;2022-03-02;45868.84470833
N;Norte;2022-03-03;5948.00587500
NE;Nordeste;2022-03-03;12354.20945833
S;Sul;2022-03-03;14522.45575000
SE;Sudeste/Centro-Oeste;2022-03-03;46937.33695833
N;Norte;2022-03-04;5937.76458333
NE;Nordeste;2022-03-04;12018.06891667
S;Sul;2022-03-04;14725.69375000
SE;Sudeste/Centro-Oeste;2022-03-04;46491.40895833
N;Norte;2022-03-05;5621.62991667
NE;Nordeste;2022-03-05;11050.86450000
S;Sul;2022-03-05;13204.44545833
SE;Sudeste/Centro-Oeste;2022-03-05;42728.97783333
N;Norte;2022-03-06;5227.74033333
NE;Nordeste;2022-03-06;10176.37787500
S;Sul;2022-03-06;11716.23616667
SE;Sudeste/Centro-Oeste;2022-03-06;39689.82404167
N;Norte;2022-03-07;5650.39112500
NE;Nordeste;2022-03-07;11366.41412500
S;Sul;2022-03-07;14608.58329167
SE;Sudeste/Centro-Oeste;2022-03-07;46453.56129167
N;Norte;2022-03-08;5666.62962500
NE;Nordeste;2022-03-08;11811.33220833
S;Sul;2022-03-08;14834.67108333
SE;Sudeste/Centro-Oeste;2022-03-08;47636.05495833
N;Norte;2022-03-09;5749.57045833
NE;Nordeste;2022-03-09;12234.62116667
S;Sul;2022-03-09;14860.90666667
SE;Sudeste/Centro-Oeste;2022-03-09;47518.16400000
N;Norte;2022-03-10;5699.26075000
NE;Nordeste;2022-03-10;12356.26304167
S;Sul;2022-03-10;14877.01941667
SE;Sudeste/Centro-Oeste;2022-03-10;47494.65012500
N;Norte;2022-03-11;5688.62129167
NE;Nordeste;2022-03-11;12276.73579167
S;Sul;2022-03-11;13767.50341667
SE;Sudeste/Centro-Oeste;2022-03-11;47335.57970833
N;Norte;2022-03-12;5721.79525000
NE;Nordeste;2022-03-12;11816.92504167
S;Sul;2022-03-12;11014.99829167
SE;Sudeste/Centro-Oeste;2022-03-12;43022.32766667
N;Norte;2022-03-13;5457.78508333
NE;Nordeste;2022-03-13;11053.02316667
S;Sul;2022-03-13;9496.60404167
SE;Sudeste/Centro-Oeste;2022-03-13;39058.69337500
N;Norte;2022-03-14;5869.85666667
NE;Nordeste;2022-03-14;12128.03108333
S;Sul;2022-03-14;12362.05991667
SE;Sudeste/Centro-Oeste;2022-03-14;45028.53079167
N;Norte;2022-03-15;5761.08087500
NE;Nordeste;2022-03-15;12321.20437500
S;Sul;2022-03-15;12955.04679167
SE;Sudeste/Centro-Oeste;2022-03-15;45509.77787500
N;Norte;2022-03-16;5748.26658333
NE;Nordeste;2022-03-16;12237.53733333
S;Sul;2022-03-16;12945.71195833
SE;Sudeste/Centro-Oeste;2022-03-16;45713.06525000
N;Norte;2022-03-17;5824.88462500
NE;Nordeste;2022-03-17;11937.33925000
S;Sul;2022-03-17;13332.61545833
SE;Sudeste/Centro-Oeste;2022-03-17;46536.90400000
N;Norte;2022-03-18;5807.78012500
NE;Nordeste;2022-03-18;11710.76758333
S;Sul;2022-03-18;14198.56295833
SE;Sudeste/Centro-Oeste;2022-03-18;47444.68095833
N;Norte;2022-03-19;5541.81533333
NE;Nordeste;2022-03-19;11020.36795833
S;Sul;2022-03-19;11296.96458333
SE;Sudeste/Centro-Oeste;2022-03-19;43207.99145833
N;Norte;2022-03-20;5289.30137500
NE;Nordeste;2022-03-20;10501.35791667
S;Sul;2022-03-20;9206.60045833
SE;Sudeste/Centro-Oeste;2022-03-20;38018.48495833
N;Norte;2022-03-21;5820.27400000
NE;Nordeste;2022-03-21;11665.77962500
S;Sul;2022-03-21;11830.31037500
SE;Sudeste/Centro-Oeste;2022-03-21;41910.10625000
N;Norte;2022-03-22;5979.44445833
NE;Nordeste;2022-03-22;11452.51116667
S;Sul;2022-03-22;12475.77254167
SE;Sudeste/Centro-Oeste;2022-03-22;42302.48820833
N;Norte;2022-03-23;5888.24904167
NE;Nordeste;2022-03-23;11598.19462500
S;Sul;2022-03-23;12928.44620833
SE;Sudeste/Centro-Oeste;2022-03-23;43709.44550000
N;Norte;2022-03-24;5931.11462500
NE;Nordeste;2022-03-24;11765.51416667
S;Sul;2022-03-24;12481.91258333
SE;Sudeste/Centro-Oeste;2022-03-24;45022.29337500
N;Norte;2022-03-25;5923.20270833
NE;Nordeste;2022-03-25;11345.84550000
S;Sul;2022-03-25;11564.96150000
SE;Sudeste/Centro-Oeste;2022-03-25;46047.97312500
N;Norte;2022-03-26;5739.87950000
NE;Nordeste;2022-03-26;10941.26779167
S;Sul;2022-03-26;9796.23133333
SE;Sudeste/Centro-Oeste;2022-03-26;42646.04841667
N;Norte;2022-03-27;5488.82141667
NE;Nordeste;2022-03-27;10172.92433333
S;Sul;2022-03-27;8644.74808333
SE;Sudeste/Centro-Oeste;2022-03-27;38885.16354167
N;Norte;2022-03-28;5695.23700000
NE;Nordeste;2022-03-28;11152.55691667
S;Sul;2022-03-28;12049.43887500
SE;Sudeste/Centro-Oeste;2022-03-28;44597.61775000
N;Norte;2022-03-29;5578.09479167
NE;Nordeste;2022-03-29;11355.95625000
S;Sul;2022-03-29;12864.37379167
SE;Sudeste/Centro-Oeste;2022-03-29;45177.90062500
N;Norte;2022-03-30;5505.20533333
NE;Nordeste;2022-03-30;11541.38141667
S;Sul;2022-03-30;12801.83000000
SE;Sudeste/Centro-Oeste;2022-03-30;46139.12566667
N;Norte;2022-03-31;5738.89183333
NE;Nordeste;2022-03-31;11746.00325000
S;Sul;2022-03-31;11890.73770833
SE;Sudeste/Centro-Oeste;2022-03-31;45055.92791667
N;Norte;2022-04-01;5911.92375000
NE;Nordeste;2022-04-01;11781.16354167
S;Sul;2022-04-01;11762.59358333
SE;Sudeste/Centro-Oeste;2022-04-01;42379.95629167
N;Norte;2022-04-02;5537.62608333
NE;Nordeste;2022-04-02;11035.61208333
S;Sul;2022-04-02;10305.34875000
SE;Sudeste/Centro-Oeste;2022-04-02;38904.95375000
N;Norte;2022-04-03;5216.23683333
NE;Nordeste;2022-04-03;10240.02295833
S;Sul;2022-04-03;9318.59433333
SE;Sudeste/Centro-Oeste;2022-04-03;36282.32008333
N;Norte;2022-04-04;5792.36087500
NE;Nordeste;2022-04-04;11344.68475000
S;Sul;2022-04-04;12069.14287500
SE;Sudeste/Centro-Oeste;2022-04-04;43759.45120833
N;Norte;2022-04-05;5816.49604167
NE;Nordeste;2022-04-05;11725.86837500
S;Sul;2022-04-05;11989.10112500
SE;Sudeste/Centro-Oeste;2022-04-05;44731.40495833
N;Norte;2022-04-06;5816.09262500
NE;Nordeste;2022-04-06;11783.83891667
S;Sul;2022-04-06;12151.25758333
SE;Sudeste/Centro-Oeste;2022-04-06;44404.74733333
N;Norte;2022-04-07;5892.27862500
NE;Nordeste;2022-04-07;11686.53195833
S;Sul;2022-04-07;12512.48358333
SE;Sudeste/Centro-Oeste;2022-04-07;43959.80433333
N;Norte;2022-04-08;5865.08766667
NE;Nordeste;2022-04-08;11785.22279167
S;Sul;2022-04-08;12271.66291667
SE;Sudeste/Centro-Oeste;2022-04-08;44364.95366667
N;Norte;2022-04-09;5614.71366667
NE;Nordeste;2022-04-09;11120.33820833
S;Sul;2022-04-09;10395.10000000
SE;Sudeste/Centro-Oeste;2022-04-09;41608.52950000
N;Norte;2022-04-10;5438.20408333
NE;Nordeste;2022-04-10;10670.64545833
S;Sul;2022-04-10;9137.30708333
SE;Sudeste/Centro-Oeste;2022-04-10;37805.72804167
N;Norte;2022-04-11;6171.92891667
NE;Nordeste;2022-04-11;11930.04520833
S;Sul;2022-04-11;11983.96583333
SE;Sudeste/Centro-Oeste;2022-04-11;43530.27641667
N;Norte;2022-04-12;6202.90070833
NE;Nordeste;2022-04-12;12063.40475000
S;Sul;2022-04-12;12160.46825000
SE;Sudeste/Centro-Oeste;2022-04-12;44413.42408333
N;Norte;2022-04-13;6268.82491667
NE;Nordeste;2022-04-13;12243.62787500
S;Sul;2022-04-13;12080.64100000
SE;Sudeste/Centro-Oeste;2022-04-13;44572.39020833
N;Norte;2022-04-14;6105.78387500
NE;Nordeste;2022-04-14;12081.61279167
S;Sul;2022-04-14;11381.11270833
SE;Sudeste/Centro-Oeste;2022-04-14;42930.24675000
N;Norte;2022-04-15;5570.61637500
NE;Nordeste;2022-04-15;10712.05120833
S;Sul;2022-04-15;8310.66466667
SE;Sudeste/Centro-Oeste;2022-04-15;35111.23200000
N;Norte;2022-04-16;5708.62900000
NE;Nordeste;2022-04-16;11003.39687500
S;Sul;2022-04-16;8604.08054167
SE;Sudeste/Centro-Oeste;2022-04-16;34638.38662500
N;Norte;2022-04-17;5420.86262500
NE;Nordeste;2022-04-17;10367.25362500
S;Sul;2022-04-17;8044.32816667
SE;Sudeste/Centro-Oeste;2022-04-17;32664.44358333
N;Norte;2022-04-18;5999.08387500
NE;Nordeste;2022-04-18;11582.63729167
S;Sul;2022-04-18;11133.27500000
SE;Sudeste/Centro-Oeste;2022-04-18;38736.88058333
N;Norte;2022-04-19;5959.74245833
NE;Nordeste;2022-04-19;11452.77237500
S;Sul;2022-04-19;11832.27500000
SE;Sudeste/Centro-Oeste;2022-04-19;40307.31804167
N;Norte;2022-04-20;5896.41695833
NE;Nordeste;2022-04-20;11383.81391667
S;Sul;2022-04-20;11905.54341667
SE;Sudeste/Centro-Oeste;2022-04-20;40972.09225000
N;Norte;2022-04-21;5703.11983333
NE;Nordeste;2022-04-21;10871.76870833
S;Sul;2022-04-21;11325.16608333
SE;Sudeste/Centro-Oeste;2022-04-21;38783.82054167
N;Norte;2022-04-22;6008.05650000
NE;Nordeste;2022-04-22;11450.59154167
S;Sul;2022-04-22;11635.15216667
SE;Sudeste/Centro-Oeste;2022-04-22;40258.95254167
N;Norte;2022-04-23;5807.12350000
NE;Nordeste;2022-04-23;11119.17008333
S;Sul;2022-04-23;9745.99562500
SE;Sudeste/Centro-Oeste;2022-04-23;38778.68333333
N;Norte;2022-04-24;5524.59062500
NE;Nordeste;2022-04-24;10255.46266667
S;Sul;2022-04-24;8676.43583333
SE;Sudeste/Centro-Oeste;2022-04-24;36091.76129167
N;Norte;2022-04-25;6125.16654167
NE;Nordeste;2022-04-25;11320.25379167
S;Sul;2022-04-25;11917.18516667
SE;Sudeste/Centro-Oeste;2022-04-25;42159.53929167
N;Norte;2022-04-26;6163.63795833
NE;Nordeste;2022-04-26;11442.14833333
S;Sul;2022-04-26;12640.41333333
SE;Sudeste/Centro-Oeste;2022-04-26;43710.29862500
N;Norte;2022-04-27;6096.60891667
NE;Nordeste;2022-04-27;11577.02100000
S;Sul;2022-04-27;13018.60175000
SE;Sudeste/Centro-Oeste;2022-04-27;44083.13404167
N;Norte;2022-04-28;6081.13662500
NE;Nordeste;2022-04-28;11736.16908333
S;Sul;2022-04-28;13048.24545833
SE;Sudeste/Centro-Oeste;2022-04-28;44166.10237500
N;Norte;2022-04-29;6057.54450000
NE;Nordeste;2022-04-29;11463.21983333
S;Sul;2022-04-29;12261.40062500
SE;Sudeste/Centro-Oeste;2022-04-29;43800.09712500
N;Norte;2022-04-30;5774.41595833
NE;Nordeste;2022-04-30;10758.94600000
S;Sul;2022-04-30;10444.07595833
SE;Sudeste/Centro-Oeste;2022-04-30;39486.40554167
N;Norte;2022-05-01;5531.15854167
NE;Nordeste;2022-05-01;9762.44345833
S;Sul;2022-05-01;8794.16312500
SE;Sudeste/Centro-Oeste;2022-05-01;35284.31687500
N;Norte;2022-05-02;5958.91866667
NE;Nordeste;2022-05-02;11243.95633333
S;Sul;2022-05-02;11643.82154167
SE;Sudeste/Centro-Oeste;2022-05-02;41868.09850000
N;Norte;2022-05-03;6088.37479167
NE;Nordeste;2022-05-03;11551.35820833
S;Sul;2022-05-03;11941.66258333
SE;Sudeste/Centro-Oeste;2022-05-03;43297.15395833
N;Norte;2022-05-04;5963.19179167
NE;Nordeste;2022-05-04;11607.07866667
S;Sul;2022-05-04;11643.86191667
SE;Sudeste/Centro-Oeste;2022-05-04;42582.21333333
N;Norte;2022-05-05;6227.76350000
NE;Nordeste;2022-05-05;11509.29916667
S;Sul;2022-05-05;11442.40841667
SE;Sudeste/Centro-Oeste;2022-05-05;40708.18866667
N;Norte;2022-05-06;6106.22150000
NE;Nordeste;2022-05-06;11153.84870833
S;Sul;2022-05-06;11156.52100000
SE;Sudeste/Centro-Oeste;2022-05-06;40391.02225000
N;Norte;2022-05-07;5900.54070833
NE;Nordeste;2022-05-07;10527.06400000
S;Sul;2022-05-07;9333.92008333
SE;Sudeste/Centro-Oeste;2022-05-07;37142.01762500
N;Norte;2022-05-08;5497.33675000
NE;Nordeste;2022-05-08;9934.65537500
S;Sul;2022-05-08;7742.39450000
SE;Sudeste/Centro-Oeste;2022-05-08;33561.95158333
N;Norte;2022-05-09;6035.17216667
NE;Nordeste;2022-05-09;11278.56262500
S;Sul;2022-05-09;10808.54866667
SE;Sudeste/Centro-Oeste;2022-05-09;39179.48766667
N;Norte;2022-05-10;6334.98850000
NE;Nordeste;2022-05-10;11467.65579167
S;Sul;2022-05-10;11654.62308112
SE;Sudeste/Centro-Oeste;2022-05-10;40062.77775000
N;Norte;2022-05-11;6452.41641667
NE;Nordeste;2022-05-11;11471.76829167
S;Sul;2022-05-11;11608.52466322
SE;Sudeste/Centro-Oeste;2022-05-11;40756.55641667
N;Norte;2022-05-12;6339.29083333
NE;Nordeste;2022-05-12;11510.40320833
S;Sul;2022-05-12;11361.00188129
SE;Sudeste/Centro-Oeste;2022-05-12;40403.78254167
N;Norte;2022-05-13;6236.04966667
NE;Nordeste;2022-05-13;11507.41587500
S;Sul;2022-05-13;11305.70706206
SE;Sudeste/Centro-Oeste;2022-05-13;40230.24954167
N;Norte;2022-05-14;6009.98316667
NE;Nordeste;2022-05-14;10989.93612500
S;Sul;2022-05-14;10060.54978729
SE;Sudeste/Centro-Oeste;2022-05-14;37569.43204167
N;Norte;2022-05-15;5688.13537500
NE;Nordeste;2022-05-15;10332.90129167
S;Sul;2022-05-15;8994.85674774
SE;Sudeste/Centro-Oeste;2022-05-15;35421.00504167
N;Norte;2022-05-16;6167.60862500
NE;Nordeste;2022-05-16;11514.87391667
S;Sul;2022-05-16;11424.08754167
SE;Sudeste/Centro-Oeste;2022-05-16;39989.34866667
N;Norte;2022-05-17;6332.96000000
NE;Nordeste;2022-05-17;11950.91683333
S;Sul;2022-05-17;11964.90937500
SE;Sudeste/Centro-Oeste;2022-05-17;38884.50716667
N;Norte;2022-05-18;6208.37575000
NE;Nordeste;2022-05-18;12023.38575000
S;Sul;2022-05-18;12269.05137500
SE;Sudeste/Centro-Oeste;2022-05-18;37010.91775000
N;Norte;2022-05-19;5906.07162500
NE;Nordeste;2022-05-19;12037.10725000
S;Sul;2022-05-19;12021.41545833
SE;Sudeste/Centro-Oeste;2022-05-19;36423.83966667
N;Norte;2022-05-20;5929.39625000
NE;Nordeste;2022-05-20;11825.68279167
S;Sul;2022-05-20;11802.52645833
SE;Sudeste/Centro-Oeste;2022-05-20;36564.60670833
N;Norte;2022-05-21;5764.96983333
NE;Nordeste;2022-05-21;10705.27545833
S;Sul;2022-05-21;10256.97037500
SE;Sudeste/Centro-Oeste;2022-05-21;34648.70525000
N;Norte;2022-05-22;5470.04400000
NE;Nordeste;2022-05-22;9917.63804167
S;Sul;2022-05-22;8938.57912500
SE;Sudeste/Centro-Oeste;2022-05-22;31919.51183333
N;Norte;2022-05-23;5921.46504167
NE;Nordeste;2022-05-23;10739.53281250
S;Sul;2022-05-23;11713.10433333
SE;Sudeste/Centro-Oeste;2022-05-23;37129.41312500
N;Norte;2022-05-24;6100.24108333
NE;Nordeste;2022-05-24;11072.62695833
S;Sul;2022-05-24;12054.19504167
SE;Sudeste/Centro-Oeste;2022-05-24;38484.53912500
N;Norte;2022-05-25;6318.66083333
NE;Nordeste;2022-05-25;10808.13775000
S;Sul;2022-05-25;12186.72137500
SE;Sudeste/Centro-Oeste;2022-05-25;38787.86750000
N;Norte;2022-05-26;6326.95983333
NE;Nordeste;2022-05-26;10825.24129167
S;Sul;2022-05-26;12482.52370833
SE;Sudeste/Centro-Oeste;2022-05-26;39290.99641667
N;Norte;2022-05-27;6280.62720833
NE;Nordeste;2022-05-27;11228.61641667
S;Sul;2022-05-27;12520.80383333
SE;Sudeste/Centro-Oeste;2022-05-27;39350.23362500
N;Norte;2022-05-28;6045.08883333
NE;Nordeste;2022-05-28;10774.63920833
S;Sul;2022-05-28;10525.49087500
SE;Sudeste/Centro-Oeste;2022-05-28;36741.35479167
N;Norte;2022-05-29;5631.05766667
NE;Nordeste;2022-05-29;9987.13475000
S;Sul;2022-05-29;9074.21125000
SE;Sudeste/Centro-Oeste;2022-05-29;33729.31058333
N;Norte;2022-05-30;6207.09954167
NE;Nordeste;2022-05-30;11168.57541667
S;Sul;2022-05-30;11648.70958333
SE;Sudeste/Centro-Oeste;2022-05-30;39094.37704167
N;Norte;2022-05-31;6242.90375000
NE;Nordeste;2022-05-31;11075.71108333
S;Sul;2022-05-31;12162.75679167
SE;Sudeste/Centro-Oeste;2022-05-31;40429.45850000
N;Norte;2022-06-01;6069.91195833
NE;Nordeste;2022-06-01;10960.43841667
S;Sul;2022-06-01;12498.24900000
SE;Sudeste/Centro-Oeste;2022-06-01;40163.22629167
N;Norte;2022-06-02;6157.67129167
NE;Nordeste;2022-06-02;11376.62237500
S;Sul;2022-06-02;12404.22379167
SE;Sudeste/Centro-Oeste;2022-06-02;40546.84679167
N;Norte;2022-06-03;6050.81595833
NE;Nordeste;2022-06-03;11311.17875000
S;Sul;2022-06-03;11967.91291140
SE;Sudeste/Centro-Oeste;2022-06-03;39907.47470833
N;Norte;2022-06-04;5700.93325000
NE;Nordeste;2022-06-04;10664.02100000
S;Sul;2022-06-04;10026.52350000
SE;Sudeste/Centro-Oeste;2022-06-04;36388.59162500
N;Norte;2022-06-05;5420.80562500
NE;Nordeste;2022-06-05;9613.45962500
S;Sul;2022-06-05;8742.15295833
SE;Sudeste/Centro-Oeste;2022-06-05;32941.64495833
N;Norte;2022-06-06;5899.91733333
NE;Nordeste;2022-06-06;10375.54008333
S;Sul;2022-06-06;11555.80945833
SE;Sudeste/Centro-Oeste;2022-06-06;38207.43200000
N;Norte;2022-06-07;6055.73000000
NE;Nordeste;2022-06-07;10793.49816667
S;Sul;2022-06-07;11777.38962783
SE;Sudeste/Centro-Oeste;2022-06-07;39510.48812500
N;Norte;2022-06-08;6121.70154167
NE;Nordeste;2022-06-08;11112.01104167
S;Sul;2022-06-08;11588.06091667
SE;Sudeste/Centro-Oeste;2022-06-08;40116.43908333
N;Norte;2022-06-09;6201.38087500
NE;Nordeste;2022-06-09;10973.22266667
S;Sul;2022-06-09;11745.91345968
SE;Sudeste/Centro-Oeste;2022-06-09;40208.49170833
N;Norte;2022-06-10;6167.19704167
NE;Nordeste;2022-06-10;10921.46000000
S;Sul;2022-06-10;11768.41316667
SE;Sudeste/Centro-Oeste;2022-06-10;39893.31166667
N;Norte;2022-06-11;5866.41829167
NE;Nordeste;2022-06-11;10750.63466667
S;Sul;2022-06-11;10135.19716667
SE;Sudeste/Centro-Oeste;2022-06-11;36556.64745833
N;Norte;2022-06-12;5576.00991667
NE;Nordeste;2022-06-12;9970.75083333
S;Sul;2022-06-12;8679.75104167
SE;Sudeste/Centro-Oeste;2022-06-12;32566.49425000
N;Norte;2022-06-13;6175.57587500
NE;Nordeste;2022-06-13;10889.94604167
S;Sul;2022-06-13;11371.36808333
SE;Sudeste/Centro-Oeste;2022-06-13;36578.91745833
N;Norte;2022-06-14;6207.93925000
NE;Nordeste;2022-06-14;10878.54229167
S;Sul;2022-06-14;11611.13975326
SE;Sudeste/Centro-Oeste;2022-06-14;37763.40862500
N;Norte;2022-06-15;6156.27541667
NE;Nordeste;2022-06-15;10728.37562500
S;Sul;2022-06-15;11988.85191667
SE;Sudeste/Centro-Oeste;2022-06-15;37902.11012500
N;Norte;2022-06-16;5956.50395833
NE;Nordeste;2022-06-16;10077.82712500
S;Sul;2022-06-16;10539.70087500
SE;Sudeste/Centro-Oeste;2022-06-16;35510.12979167
N;Norte;2022-06-17;6253.82491667
NE;Nordeste;2022-06-17;10526.28195833
S;Sul;2022-06-17;11507.08566903
SE;Sudeste/Centro-Oeste;2022-06-17;36821.66566667
N;Norte;2022-06-18;6126.79133333
NE;Nordeste;2022-06-18;10265.43525000
S;Sul;2022-06-18;9835.45779569
SE;Sudeste/Centro-Oeste;2022-06-18;35689.40904167
N;Norte;2022-06-19;5871.96650000
NE;Nordeste;2022-06-19;9464.75995833
S;Sul;2022-06-19;8878.99803730
SE;Sudeste/Centro-Oeste;2022-06-19;32872.37483333
N;Norte;2022-06-20;6305.40091667
NE;Nordeste;2022-06-20;10465.52500000
S;Sul;2022-06-20;11737.67708802
SE;Sudeste/Centro-Oeste;2022-06-20;37736.06712500
N;Norte;2022-06-21;6244.76291667
NE;Nordeste;2022-06-21;10534.70808333
S;Sul;2022-06-21;12424.29591518
SE;Sudeste/Centro-Oeste;2022-06-21;38837.42804167
N;Norte;2022-06-22;6215.15125000
NE;Nordeste;2022-06-22;10379.24845833
S;Sul;2022-06-22;12425.68841880
SE;Sudeste/Centro-Oeste;2022-06-22;38985.65829167
N;Norte;2022-06-23;6279.48145833
NE;Nordeste;2022-06-23;10236.66937500
S;Sul;2022-06-23;12267.63953611
SE;Sudeste/Centro-Oeste;2022-06-23;39140.07066667
N;Norte;2022-06-24;6314.35645833
NE;Nordeste;2022-06-24;9589.23004167
S;Sul;2022-06-24;12108.30107774
SE;Sudeste/Centro-Oeste;2022-06-24;38903.87791667
N;Norte;2022-06-25;6131.33620833
NE;Nordeste;2022-06-25;9566.00358333
S;Sul;2022-06-25;10462.71950000
SE;Sudeste/Centro-Oeste;2022-06-25;36056.23204167
N;Norte;2022-06-26;5756.81845833
NE;Nordeste;2022-06-26;9176.71033333
S;Sul;2022-06-26;9101.23699684
SE;Sudeste/Centro-Oeste;2022-06-26;32495.26829167
N;Norte;2022-06-27;6182.41850000
NE;Nordeste;2022-06-27;9949.03950000
S;Sul;2022-06-27;11526.71455100
SE;Sudeste/Centro-Oeste;2022-06-27;36989.00233333
N;Norte;2022-06-28;6181.69279167
NE;Nordeste;2022-06-28;10093.09433333
S;Sul;2022-06-28;11835.43108333
SE;Sudeste/Centro-Oeste;2022-06-28;37950.56616667
N;Norte;2022-06-29;6197.14875000
NE;Nordeste;2022-06-29;10267.27041667
S;Sul;2022-06-29;11883.42982977
SE;Sudeste/Centro-Oeste;2022-06-29;38076.91033333
N;Norte;2022-06-30;6219.73408333
NE;Nordeste;2022-06-30;10343.64500000
S;Sul;2022-06-30;11940.51795446
SE;Sudeste/Centro-Oeste;2022-06-30;38353.87416667
N;Norte;2022-07-01;6305.64600000
NE;Nordeste;2022-07-01;10560.20520833
S;Sul;2022-07-01;11804.26879662
SE;Sudeste/Centro-Oeste;2022-07-01;38362.54620833
N;Norte;2022-07-02;6104.14500000
NE;Nordeste;2022-07-02;9944.80266667
S;Sul;2022-07-02;10163.80550581
SE;Sudeste/Centro-Oeste;2022-07-02;36127.33604167
N;Norte;2022-07-03;5775.00595833
NE;Nordeste;2022-07-03;9136.87266667
S;Sul;2022-07-03;9045.60355082
SE;Sudeste/Centro-Oeste;2022-07-03;32996.58283333
N;Norte;2022-07-04;6053.70675000
NE;Nordeste;2022-07-04;10057.37179167
S;Sul;2022-07-04;11739.00155503
SE;Sudeste/Centro-Oeste;2022-07-04;37939.93212500
N;Norte;2022-07-05;6227.85179167
NE;Nordeste;2022-07-05;10200.58495833
S;Sul;2022-07-05;12298.22253952
SE;Sudeste/Centro-Oeste;2022-07-05;38634.11700000
N;Norte;2022-07-06;6301.08420833
NE;Nordeste;2022-07-06;10502.01000000
S;Sul;2022-07-06;12239.03349730
SE;Sudeste/Centro-Oeste;2022-07-06;38816.21600000
N;Norte;2022-07-07;6278.61237500
NE;Nordeste;2022-07-07;10508.68033333
S;Sul;2022-07-07;12419.17463706
SE;Sudeste/Centro-Oeste;2022-07-07;39284.75100000
N;Norte;2022-07-08;6309.32241667
NE;Nordeste;2022-07-08;10466.67283333
S;Sul;2022-07-08;12396.03587733
SE;Sudeste/Centro-Oeste;2022-07-08;39288.32887500
N;Norte;2022-07-09;6088.05854167
NE;Nordeste;2022-07-09;10121.86812500
S;Sul;2022-07-09;10484.04216667
SE;Sudeste/Centro-Oeste;2022-07-09;35771.26591667
N;Norte;2022-07-10;5850.40816667
NE;Nordeste;2022-07-10;9503.18933333
S;Sul;2022-07-10;9219.62516932
SE;Sudeste/Centro-Oeste;2022-07-10;33058.11066667
N;Norte;2022-07-11;6397.63850000
NE;Nordeste;2022-07-11;10666.33425000
S;Sul;2022-07-11;12048.14270121
SE;Sudeste/Centro-Oeste;2022-07-11;38229.18712500
N;Norte;2022-07-12;6375.47816667
NE;Nordeste;2022-07-12;10958.55295833
S;Sul;2022-07-12;12298.68784690
SE;Sudeste/Centro-Oeste;2022-07-12;39795.83441667
N;Norte;2022-07-13;6443.42737500
NE;Nordeste;2022-07-13;10970.90850000
S;Sul;2022-07-13;12193.47791981
SE;Sudeste/Centro-Oeste;2022-07-13;39756.03195833
N;Norte;2022-07-14;6410.80820833
NE;Nordeste;2022-07-14;10834.17591667
S;Sul;2022-07-14;12609.67104513
SE;Sudeste/Centro-Oeste;2022-07-14;39776.84595833
N;Norte;2022-07-15;6440.62883333
NE;Nordeste;2022-07-15;10987.08841667
S;Sul;2022-07-15;12172.10913686
SE;Sudeste/Centro-Oeste;2022-07-15;39727.57583333
N;Norte;2022-07-16;6233.12466667
NE;Nordeste;2022-07-16;10415.65141667
S;Sul;2022-07-16;10531.29121459
SE;Sudeste/Centro-Oeste;2022-07-16;37128.76591667
N;Norte;2022-07-17;6026.39504167
NE;Nordeste;2022-07-17;9623.61408333
S;Sul;2022-07-17;8964.84086941
SE;Sudeste/Centro-Oeste;2022-07-17;33805.62845833
N;Norte;2022-07-18;6523.00866667
NE;Nordeste;2022-07-18;10607.20191667
S;Sul;2022-07-18;11734.88725000
SE;Sudeste/Centro-Oeste;2022-07-18;38691.98608333
N;Norte;2022-07-19;6504.05854167
NE;Nordeste;2022-07-19;11059.77166667
S;Sul;2022-07-19;12177.02620042
SE;Sudeste/Centro-Oeste;2022-07-19;39847.75229167
N;Norte;2022-07-20;6464.27054167
NE;Nordeste;2022-07-20;10947.29841667
S;Sul;2022-07-20;11876.38933333
SE;Sudeste/Centro-Oeste;2022-07-20;39816.29987500
N;Norte;2022-07-21;6296.38579167
NE;Nordeste;2022-07-21;10772.88629167
S;Sul;2022-07-21;12101.74925601
SE;Sudeste/Centro-Oeste;2022-07-21;39823.84962500
N;Norte;2022-07-22;6329.01512500
NE;Nordeste;2022-07-22;10617.89283333
S;Sul;2022-07-22;12152.67903902
SE;Sudeste/Centro-Oeste;2022-07-22;39692.73233333
N;Norte;2022-07-23;6240.18870833
NE;Nordeste;2022-07-23;10379.03808333
S;Sul;2022-07-23;10391.48424994
SE;Sudeste/Centro-Oeste;2022-07-23;36718.42650000
N;Norte;2022-07-24;6044.28408333
NE;Nordeste;2022-07-24;9766.16875000
S;Sul;2022-07-24;8922.88170833
SE;Sudeste/Centro-Oeste;2022-07-24;33276.45737500
N;Norte;2022-07-25;6557.10704167
NE;Nordeste;2022-07-25;10678.42750000
S;Sul;2022-07-25;11528.60137412
SE;Sudeste/Centro-Oeste;2022-07-25;38505.61620833
N;Norte;2022-07-26;6578.91670833
NE;Nordeste;2022-07-26;10819.21141667
S;Sul;2022-07-26;12105.97008200
SE;Sudeste/Centro-Oeste;2022-07-26;39737.72862500
N;Norte;2022-07-27;6585.67762500
NE;Nordeste;2022-07-27;10965.65270833
S;Sul;2022-07-27;12261.45145833
SE;Sudeste/Centro-Oeste;2022-07-27;40003.76616667
N;Norte;2022-07-28;6543.21570833
NE;Nordeste;2022-07-28;10930.50779167
S;Sul;2022-07-28;12560.91841473
SE;Sudeste/Centro-Oeste;2022-07-28;39892.65120833
N;Norte;2022-07-29;6413.97550000
NE;Nordeste;2022-07-29;11173.27237500
S;Sul;2022-07-29;11988.97683628
SE;Sudeste/Centro-Oeste;2022-07-29;39643.06554167
N;Norte;2022-07-30;6062.40825000
NE;Nordeste;2022-07-30;10845.58054167
S;Sul;2022-07-30;10117.18187492
SE;Sudeste/Centro-Oeste;2022-07-30;35979.76020833
N;Norte;2022-07-31;5908.06775000
NE;Nordeste;2022-07-31;10127.80208333
S;Sul;2022-07-31;8780.32863407
SE;Sudeste/Centro-Oeste;2022-07-31;32987.26862500
N;Norte;2022-08-01;6433.34400000
NE;Nordeste;2022-08-01;10929.04337500
S;Sul;2022-08-01;11673.34591667
SE;Sudeste/Centro-Oeste;2022-08-01;38612.62416667
N;Norte;2022-08-02;6401.40312500
NE;Nordeste;2022-08-02;11107.43954167
S;Sul;2022-08-02;12430.24816898
SE;Sudeste/Centro-Oeste;2022-08-02;40102.12608333
N;Norte;2022-08-03;6501.14283333
NE;Nordeste;2022-08-03;11235.68150000
S;Sul;2022-08-03;12446.28045833
SE;Sudeste/Centro-Oeste;2022-08-03;40455.51562500
N;Norte;2022-08-04;6534.39441667
NE;Nordeste;2022-08-04;11053.66812500
S;Sul;2022-08-04;12651.75291718
SE;Sudeste/Centro-Oeste;2022-08-04;40680.04858333
N;Norte;2022-08-05;6601.28570833
NE;Nordeste;2022-08-05;10998.51958333
S;Sul;2022-08-05;12136.96479167
SE;Sudeste/Centro-Oeste;2022-08-05;40778.03125000
N;Norte;2022-08-06;6556.06170833
NE;Nordeste;2022-08-06;10482.19312500
S;Sul;2022-08-06;10632.45412500
SE;Sudeste/Centro-Oeste;2022-08-06;37317.16895833
N;Norte;2022-08-07;6233.12500000
NE;Nordeste;2022-08-07;9728.65533333
S;Sul;2022-08-07;9203.16725000
SE;Sudeste/Centro-Oeste;2022-08-07;34140.45595833
N;Norte;2022-08-08;6669.55379167
NE;Nordeste;2022-08-08;10777.09787500
S;Sul;2022-08-08;11608.80233333
SE;Sudeste/Centro-Oeste;2022-08-08;39586.83779167
N;Norte;2022-08-09;6806.63870833
NE;Nordeste;2022-08-09;11087.43462500
S;Sul;2022-08-09;12353.94770818
SE;Sudeste/Centro-Oeste;2022-08-09;40677.38954167
N;Norte;2022-08-10;6762.58520833
NE;Nordeste;2022-08-10;11466.85137500
S;Sul;2022-08-10;11672.89986787
SE;Sudeste/Centro-Oeste;2022-08-10;39655.96041667
N;Norte;2022-08-11;6750.72133333
NE;Nordeste;2022-08-11;11334.40625000
S;Sul;2022-08-11;11276.54882924
SE;Sudeste/Centro-Oeste;2022-08-11;38174.52425000
N;Norte;2022-08-12;6807.83833333
NE;Nordeste;2022-08-12;11138.12720833
S;Sul;2022-08-12;10942.98604381
SE;Sudeste/Centro-Oeste;2022-08-12;37836.36570833
N;Norte;2022-08-13;6448.16600000
NE;Nordeste;2022-08-13;10865.36454167
S;Sul;2022-08-13;9342.19766667
SE;Sudeste/Centro-Oeste;2022-08-13;35560.46987500
N;Norte;2022-08-14;6046.58179167
NE;Nordeste;2022-08-14;9889.67533333
S;Sul;2022-08-14;7919.12133124
SE;Sudeste/Centro-Oeste;2022-08-14;32276.62700000
N;Norte;2022-08-15;6433.78308333
NE;Nordeste;2022-08-15;10823.45279167
S;Sul;2022-08-15;10790.29383212
SE;Sudeste/Centro-Oeste;2022-08-15;37759.85845833
N;Norte;2022-08-16;6695.62200000
NE;Nordeste;2022-08-16;10804.20579167
S;Sul;2022-08-16;11518.84900000
SE;Sudeste/Centro-Oeste;2022-08-16;40139.96325000
N;Norte;2022-08-17;6849.70345833
NE;Nordeste;2022-08-17;10942.63483333
S;Sul;2022-08-17;11431.12466667
SE;Sudeste/Centro-Oeste;2022-08-17;40444.72875000
N;Norte;2022-08-18;6883.31204167
NE;Nordeste;2022-08-18;11174.39037500
S;Sul;2022-08-18;11986.58246969
SE;Sudeste/Centro-Oeste;2022-08-18;40563.39233333
N;Norte;2022-08-19;6942.00629167
NE;Nordeste;2022-08-19;11048.92212500
S;Sul;2022-08-19;11342.20870665
SE;Sudeste/Centro-Oeste;2022-08-19;38777.91970833
N;Norte;2022-08-20;6540.32258333
NE;Nordeste;2022-08-20;10379.83695833
S;Sul;2022-08-20;9644.32305127
SE;Sudeste/Centro-Oeste;2022-08-20;35085.40662500
N;Norte;2022-08-21;6109.41491667
NE;Nordeste;2022-08-21;9707.73341667
S;Sul;2022-08-21;8432.26866351
SE;Sudeste/Centro-Oeste;2022-08-21;31812.67395833
N;Norte;2022-08-22;6567.41262500
NE;Nordeste;2022-08-22;10762.44100000
S;Sul;2022-08-22;11194.36608015
SE;Sudeste/Centro-Oeste;2022-08-22;36847.59858333
N;Norte;2022-08-23;6641.00750000
NE;Nordeste;2022-08-23;10903.51933333
S;Sul;2022-08-23;11389.08325063
SE;Sudeste/Centro-Oeste;2022-08-23;38281.88687500
N;Norte;2022-08-24;6718.46195833
NE;Nordeste;2022-08-24;11058.19933333
S;Sul;2022-08-24;11523.16391902
SE;Sudeste/Centro-Oeste;2022-08-24;38772.60541667
N;Norte;2022-08-25;6566.43091667
NE;Nordeste;2022-08-25;11009.91558333
S;Sul;2022-08-25;11545.17895592
SE;Sudeste/Centro-Oeste;2022-08-25;39355.58808333
N;Norte;2022-08-26;6642.53133333
NE;Nordeste;2022-08-26;11044.47595833
S;Sul;2022-08-26;11799.55583989
SE;Sudeste/Centro-Oeste;2022-08-26;39850.90587500
N;Norte;2022-08-27;6417.60375000
NE;Nordeste;2022-08-27;10437.04587500
S;Sul;2022-08-27;10197.94166840
SE;Sudeste/Centro-Oeste;2022-08-27;37430.36620833
N;Norte;2022-08-28;6112.81850000
NE;Nordeste;2022-08-28;9844.01591667
S;Sul;2022-08-28;9094.18104167
SE;Sudeste/Centro-Oeste;2022-08-28;34428.85312500
N;Norte;2022-08-29;6700.14345833
NE;Nordeste;2022-08-29;10960.71695833
S;Sul;2022-08-29;11619.40891667
SE;Sudeste/Centro-Oeste;2022-08-29;38006.50779167
N;Norte;2022-08-30;6858.51887500
NE;Nordeste;2022-08-30;11109.10591667
S;Sul;2022-08-30;11925.07437500
SE;Sudeste/Centro-Oeste;2022-08-30;37999.17737500
N;Norte;2022-08-31;6863.44200000
NE;Nordeste;2022-08-31;10970.82804167
S;Sul;2022-08-31;11891.30854167
SE;Sudeste/Centro-Oeste;2022-08-31;37874.10479167
N;Norte;2022-09-01;6694.79833333
NE;Nordeste;2022-09-01;10702.99945833
S;Sul;2022-09-01;11743.59862945
SE;Sudeste/Centro-Oeste;2022-09-01;38271.47370833
N;Norte;2022-09-02;6678.33716667
NE;Nordeste;2022-09-02;10617.93841667
S;Sul;2022-09-02;12225.95321302
SE;Sudeste/Centro-Oeste;2022-09-02;39137.47745833
N;Norte;2022-09-03;6559.36800000
NE;Nordeste;2022-09-03;10059.01516667
S;Sul;2022-09-03;9999.71495836
SE;Sudeste/Centro-Oeste;2022-09-03;36684.07825000
N;Norte;2022-09-04;6222.33558333
NE;Nordeste;2022-09-04;9562.34445833
S;Sul;2022-09-04;8610.41025000
SE;Sudeste/Centro-Oeste;2022-09-04;33149.57662500
N;Norte;2022-09-05;6604.12458333
NE;Nordeste;2022-09-05;10531.17416667
S;Sul;2022-09-05;11667.06716929
SE;Sudeste/Centro-Oeste;2022-09-05;38180.73045833
N;Norte;2022-09-06;6580.21320833
NE;Nordeste;2022-09-06;10708.26916667
S;Sul;2022-09-06;12409.41100248
SE;Sudeste/Centro-Oeste;2022-09-06;39568.59975000
N;Norte;2022-09-07;6342.26866667
NE;Nordeste;2022-09-07;9997.81829167
S;Sul;2022-09-07;10494.39404666
SE;Sudeste/Centro-Oeste;2022-09-07;36923.31625000
N;Norte;2022-09-08;6712.01520833
NE;Nordeste;2022-09-08;10660.43462500
S;Sul;2022-09-08;11658.83288113
SE;Sudeste/Centro-Oeste;2022-09-08;40031.47345833
N;Norte;2022-09-09;6676.87395833
NE;Nordeste;2022-09-09;10710.29058333
S;Sul;2022-09-09;12234.22337468
SE;Sudeste/Centro-Oeste;2022-09-09;41224.06758333
N;Norte;2022-09-10;6549.98254167
NE;Nordeste;2022-09-10;10402.01304167
S;Sul;2022-09-10;10175.81925459
SE;Sudeste/Centro-Oeste;2022-09-10;38483.54325000
N;Norte;2022-09-11;6399.76225000
NE;Nordeste;2022-09-11;9701.95470833
S;Sul;2022-09-11;8938.49844618
SE;Sudeste/Centro-Oeste;2022-09-11;34309.28745833
N;Norte;2022-09-12;6860.83987500
NE;Nordeste;2022-09-12;10872.91262500
S;Sul;2022-09-12;11897.03011947
SE;Sudeste/Centro-Oeste;2022-09-12;39726.32854167
N;Norte;2022-09-13;6711.71212500
NE;Nordeste;2022-09-13;11255.25420833
S;Sul;2022-09-13;11915.60849938
SE;Sudeste/Centro-Oeste;2022-09-13;41284.56200000
N;Norte;2022-09-14;6855.75983333
NE;Nordeste;2022-09-14;11398.44862500
S;Sul;2022-09-14;12033.14665830
SE;Sudeste/Centro-Oeste;2022-09-14;41695.03587500
N;Norte;2022-09-15;6983.04175000
NE;Nordeste;2022-09-15;11516.46566667
S;Sul;2022-09-15;11837.30838474
SE;Sudeste/Centro-Oeste;2022-09-15;40572.59312500
N;Norte;2022-09-16;6945.06641667
NE;Nordeste;2022-09-16;11542.84054167
S;Sul;2022-09-16;11473.47308745
SE;Sudeste/Centro-Oeste;2022-09-16;39450.58250000
N;Norte;2022-09-17;6711.57208333
NE;Nordeste;2022-09-17;10977.94529167
S;Sul;2022-09-17;9486.76541672
SE;Sudeste/Centro-Oeste;2022-09-17;35637.00341667
N;Norte;2022-09-18;6301.64595833
NE;Nordeste;2022-09-18;10185.29000000
S;Sul;2022-09-18;8077.69183428
SE;Sudeste/Centro-Oeste;2022-09-18;32273.67004167
N;Norte;2022-09-19;6777.23212500
NE;Nordeste;2022-09-19;11213.73829167
S;Sul;2022-09-19;11306.64367279
SE;Sudeste/Centro-Oeste;2022-09-19;38132.23820833
N;Norte;2022-09-20;6973.47550000
NE;Nordeste;2022-09-20;11538.52791667
S;Sul;2022-09-20;10820.22504557
SE;Sudeste/Centro-Oeste;2022-09-20;40466.69945833
N;Norte;2022-09-21;6898.52512500
NE;Nordeste;2022-09-21;11811.35237500
S;Sul;2022-09-21;11974.73071084
SE;Sudeste/Centro-Oeste;2022-09-21;41215.40066667
N;Norte;2022-09-22;6990.32579167
NE;Nordeste;2022-09-22;12047.19745833
S;Sul;2022-09-22;11741.40192615
SE;Sudeste/Centro-Oeste;2022-09-22;41640.79712500
N;Norte;2022-09-23;6972.70420833
NE;Nordeste;2022-09-23;12241.42975000
S;Sul;2022-09-23;11092.74671214
SE;Sudeste/Centro-Oeste;2022-09-23;39479.40679167
N;Norte;2022-09-24;6498.17645833
NE;Nordeste;2022-09-24;11635.47941667
S;Sul;2022-09-24;9485.05396399
SE;Sudeste/Centro-Oeste;2022-09-24;35304.02666667
N;Norte;2022-09-25;6251.57166667
NE;Nordeste;2022-09-25;10262.35445833
S;Sul;2022-09-25;9092.34541934
SE;Sudeste/Centro-Oeste;2022-09-25;32235.37016667
N;Norte;2022-09-26;6753.76745833
NE;Nordeste;2022-09-26;11165.62341667
S;Sul;2022-09-26;11424.64312522
SE;Sudeste/Centro-Oeste;2022-09-26;39028.85804167
N;Norte;2022-09-27;6840.43962500
NE;Nordeste;2022-09-27;11558.08900000
S;Sul;2022-09-27;11824.80350027
SE;Sudeste/Centro-Oeste;2022-09-27;41004.46279167
N;Norte;2022-09-28;6988.06333333
NE;Nordeste;2022-09-28;11575.36825000
S;Sul;2022-09-28;11962.04120734
SE;Sudeste/Centro-Oeste;2022-09-28;41086.94804167
N;Norte;2022-09-29;6861.20454167
NE;Nordeste;2022-09-29;11596.06554167
S;Sul;2022-09-29;11803.86612728
SE;Sudeste/Centro-Oeste;2022-09-29;39887.90250000
N;Norte;2022-09-30;6766.22095833
NE;Nordeste;2022-09-30;11738.68037500
S;Sul;2022-09-30;11807.44129007
SE;Sudeste/Centro-Oeste;2022-09-30;38918.91875000
N;Norte;2022-10-01;6600.20645833
NE;Nordeste;2022-10-01;11041.86483333
S;Sul;2022-10-01;9793.27075000
SE;Sudeste/Centro-Oeste;2022-10-01;36101.66183333
N;Norte;2022-10-02;6396.17929167
NE;Nordeste;2022-10-02;10061.14633333
S;Sul;2022-10-02;8157.12075000
SE;Sudeste/Centro-Oeste;2022-10-02;33054.05404167
N;Norte;2022-10-03;6698.26845833
NE;Nordeste;2022-10-03;11219.95700000
S;Sul;2022-10-03;10862.05616667
SE;Sudeste/Centro-Oeste;2022-10-03;38765.55662500
N;Norte;2022-10-04;6727.81020833
NE;Nordeste;2022-10-04;11702.49595833
S;Sul;2022-10-04;11373.76683333
SE;Sudeste/Centro-Oeste;2022-10-04;39723.05800000
N;Norte;2022-10-05;6901.33616667
NE;Nordeste;2022-10-05;11641.86962500
S;Sul;2022-10-05;11666.63733333
SE;Sudeste/Centro-Oeste;2022-10-05;39584.21104167
N;Norte;2022-10-06;7028.78537500
NE;Nordeste;2022-10-06;12076.97212500
S;Sul;2022-10-06;12125.91737500
SE;Sudeste/Centro-Oeste;2022-10-06;41000.37620833
N;Norte;2022-10-07;7031.79195833
NE;Nordeste;2022-10-07;12304.50762500
S;Sul;2022-10-07;11162.48787500
SE;Sudeste/Centro-Oeste;2022-10-07;41047.26837500
N;Norte;2022-10-08;6691.65870833
NE;Nordeste;2022-10-08;11753.06637500
S;Sul;2022-10-08;9219.38025000
SE;Sudeste/Centro-Oeste;2022-10-08;37338.58479167
N;Norte;2022-10-09;6352.77425000
NE;Nordeste;2022-10-09;11074.25487500
S;Sul;2022-10-09;8206.03033333
SE;Sudeste/Centro-Oeste;2022-10-09;34202.98091667
N;Norte;2022-10-10;6676.35025000
NE;Nordeste;2022-10-10;12171.77883333
S;Sul;2022-10-10;11216.48058333
SE;Sudeste/Centro-Oeste;2022-10-10;39318.95116667
N;Norte;2022-10-11;6998.76104167
NE;Nordeste;2022-10-11;12216.61391667
S;Sul;2022-10-11;11531.75845833
SE;Sudeste/Centro-Oeste;2022-10-11;41102.87375000
N;Norte;2022-10-12;6679.87220833
NE;Nordeste;2022-10-12;11087.23412500
S;Sul;2022-10-12;9268.14416667
SE;Sudeste/Centro-Oeste;2022-10-12;36832.90720833
N;Norte;2022-10-13;7009.77570833
NE;Nordeste;2022-10-13;11862.97362500
S;Sul;2022-10-13;10929.09070833
SE;Sudeste/Centro-Oeste;2022-10-13;41117.52025000
N;Norte;2022-10-14;6956.52829167
NE;Nordeste;2022-10-14;11978.40404167
S;Sul;2022-10-14;11482.54520833
SE;Sudeste/Centro-Oeste;2022-10-14;41593.49887500
N;Norte;2022-10-15;6399.24383333
NE;Nordeste;2022-10-15;11259.36575000
S;Sul;2022-10-15;9584.31391667
SE;Sudeste/Centro-Oeste;2022-10-15;38297.48916667
N;Norte;2022-10-16;6060.63450000
NE;Nordeste;2022-10-16;10460.88083333
S;Sul;2022-10-16;8290.64116667
SE;Sudeste/Centro-Oeste;2022-10-16;34945.76966667
N;Norte;2022-10-17;6590.23508333
NE;Nordeste;2022-10-17;11566.74808333
S;Sul;2022-10-17;11042.57475000
SE;Sudeste/Centro-Oeste;2022-10-17;40963.25233333
N;Norte;2022-10-18;6687.10362500
NE;Nordeste;2022-10-18;11964.79612500
S;Sul;2022-10-18;11801.05029167
SE;Sudeste/Centro-Oeste;2022-10-18;42441.49333333
N;Norte;2022-10-19;6916.75675000
NE;Nordeste;2022-10-19;12011.30591667
S;Sul;2022-10-19;11716.37262500
SE;Sudeste/Centro-Oeste;2022-10-19;42464.18287500
N;Norte;2022-10-20;6985.04000000
NE;Nordeste;2022-10-20;12129.15279167
S;Sul;2022-10-20;12092.93308333
SE;Sudeste/Centro-Oeste;2022-10-20;42712.76829167
N;Norte;2022-10-21;7062.20791667
NE;Nordeste;2022-10-21;12215.52387500
S;Sul;2022-10-21;11791.63275000
SE;Sudeste/Centro-Oeste;2022-10-21;42816.97400000
N;Norte;2022-10-22;6388.12612500
NE;Nordeste;2022-10-22;11713.94954167
S;Sul;2022-10-22;9957.43829167
SE;Sudeste/Centro-Oeste;2022-10-22;38964.58604167
N;Norte;2022-10-23;6067.70162500
NE;Nordeste;2022-10-23;11007.08454167
S;Sul;2022-10-23;8397.58350151
SE;Sudeste/Centro-Oeste;2022-10-23;34741.04787500
N;Norte;2022-10-24;6264.66791667
NE;Nordeste;2022-10-24;12119.36050000
S;Sul;2022-10-24;11340.35075000
SE;Sudeste/Centro-Oeste;2022-10-24;40125.55879167
N;Norte;2022-10-25;6231.18329167
NE;Nordeste;2022-10-25;12013.85479167
S;Sul;2022-10-25;11853.94025000
SE;Sudeste/Centro-Oeste;2022-10-25;40897.04429167
N;Norte;2022-10-26;6217.63825000
NE;Nordeste;2022-10-26;11956.88325000
S;Sul;2022-10-26;12244.86483333
SE;Sudeste/Centro-Oeste;2022-10-26;41721.33370833
N;Norte;2022-10-27;6341.32550000
NE;Nordeste;2022-10-27;11849.92258333
S;Sul;2022-10-27;12390.94341667
SE;Sudeste/Centro-Oeste;2022-10-27;43437.98129167
N;Norte;2022-10-28;6806.16329167
NE;Nordeste;2022-10-28;11472.09404167
S;Sul;2022-10-28;12381.04554167
SE;Sudeste/Centro-Oeste;2022-10-28;43240.87712500
N;Norte;2022-10-29;6683.83704167
NE;Nordeste;2022-10-29;11577.09266667
S;Sul;2022-10-29;11046.72300000
SE;Sudeste/Centro-Oeste;2022-10-29;39882.82600000
N;Norte;2022-10-30;6498.58579167
NE;Nordeste;2022-10-30;10737.81987500
S;Sul;2022-10-30;9490.22645833
SE;Sudeste/Centro-Oeste;2022-10-30;37076.98870833
N;Norte;2022-10-31;6968.19950000
NE;Nordeste;2022-10-31;12006.88904167
S;Sul;2022-10-31;11984.53875000
SE;Sudeste/Centro-Oeste;2022-10-31;42836.61933333
N;Norte;2022-11-01;6829.99133333
NE;Nordeste;2022-11-01;12452.80712500
S;Sul;2022-11-01;11076.25504167
SE;Sudeste/Centro-Oeste;2022-11-01;40263.78550000
N;Norte;2022-11-02;6184.14987500
NE;Nordeste;2022-11-02;11515.73816667
S;Sul;2022-11-02;8701.51633333
SE;Sudeste/Centro-Oeste;2022-11-02;34309.38033333
N;Norte;2022-11-03;6482.34416667
NE;Nordeste;2022-11-03;12222.70170833
S;Sul;2022-11-03;10507.01695833
SE;Sudeste/Centro-Oeste;2022-11-03;36310.39704167
N;Norte;2022-11-04;6511.07037500
NE;Nordeste;2022-11-04;12074.06266667
S;Sul;2022-11-04;10932.08708333
SE;Sudeste/Centro-Oeste;2022-11-04;36791.36966667
N;Norte;2022-11-05;6197.77466667
NE;Nordeste;2022-11-05;11139.29233333
S;Sul;2022-11-05;9579.86566667
SE;Sudeste/Centro-Oeste;2022-11-05;34525.88520833
N;Norte;2022-11-06;5986.63095833
NE;Nordeste;2022-11-06;10215.82987500
S;Sul;2022-11-06;8379.64916667
SE;Sudeste/Centro-Oeste;2022-11-06;32241.70879167
N;Norte;2022-11-07;6361.27491667
NE;Nordeste;2022-11-07;11090.62487500
S;Sul;2022-11-07;11165.01691667
SE;Sudeste/Centro-Oeste;2022-11-07;38034.63400000
N;Norte;2022-11-08;6363.45075000
NE;Nordeste;2022-11-08;11421.46775000
S;Sul;2022-11-08;11726.98962500
SE;Sudeste/Centro-Oeste;2022-11-08;39265.05083333
N;Norte;2022-11-09;6486.87120833
NE;Nordeste;2022-11-09;11754.20591667
S;Sul;2022-11-09;11962.17195833
SE;Sudeste/Centro-Oeste;2022-11-09;40018.74337500
N;Norte;2022-11-10;6701.23133333
NE;Nordeste;2022-11-10;11742.92687500
S;Sul;2022-11-10;12185.01975000
SE;Sudeste/Centro-Oeste;2022-11-10;41090.59054167
N;Norte;2022-11-11;6739.44783333
NE;Nordeste;2022-11-11;12036.32266667
S;Sul;2022-11-11;12512.49100000
SE;Sudeste/Centro-Oeste;2022-11-11;41439.00600000
N;Norte;2022-11-12;6572.85925000
NE;Nordeste;2022-11-12;11452.76083333
S;Sul;2022-11-12;10692.09729167
SE;Sudeste/Centro-Oeste;2022-11-12;37743.72875000
N;Norte;2022-11-13;6265.05250000
NE;Nordeste;2022-11-13;10515.08716667
S;Sul;2022-11-13;9409.24658333
SE;Sudeste/Centro-Oeste;2022-11-13;35018.34258333
N;Norte;2022-11-14;6685.80300000
NE;Nordeste;2022-11-14;11414.66320833
S;Sul;2022-11-14;11123.15808333
SE;Sudeste/Centro-Oeste;2022-11-14;40175.03116667
N;Norte;2022-11-15;6584.79804167
NE;Nordeste;2022-11-15;10859.56479167
S;Sul;2022-11-15;10280.94245833
SE;Sudeste/Centro-Oeste;2022-11-15;38367.07633333
N;Norte;2022-11-16;6798.58404167
NE;Nordeste;2022-11-16;11686.36829167
S;Sul;2022-11-16;12119.88062500
SE;Sudeste/Centro-Oeste;2022-11-16;40821.22716667
N;Norte;2022-11-17;7023.27304167
NE;Nordeste;2022-11-17;11806.31991667
S;Sul;2022-11-17;12554.59441667
SE;Sudeste/Centro-Oeste;2022-11-17;40475.61120833
N;Norte;2022-11-18;6853.74041667
NE;Nordeste;2022-11-18;11733.61120833
S;Sul;2022-11-18;12601.29679167
SE;Sudeste/Centro-Oeste;2022-11-18;40926.31391667
N;Norte;2022-11-19;6505.01129167
NE;Nordeste;2022-11-19;11006.68450000
S;Sul;2022-11-19;10833.45516667
SE;Sudeste/Centro-Oeste;2022-11-19;38047.75858333
N;Norte;2022-11-20;6329.02491667
NE;Nordeste;2022-11-20;10328.45637500
S;Sul;2022-11-20;9754.59962500
SE;Sudeste/Centro-Oeste;2022-11-20;35239.77729167
N;Norte;2022-11-21;6987.95083333
NE;Nordeste;2022-11-21;11437.81129167
S;Sul;2022-11-21;13203.78662500
SE;Sudeste/Centro-Oeste;2022-11-21;42078.12262500
N;Norte;2022-11-22;7092.44966667
NE;Nordeste;2022-11-22;11564.11691667
S;Sul;2022-11-22;13157.87308333
SE;Sudeste/Centro-Oeste;2022-11-22;43152.92366667
N;Norte;2022-11-23;7016.41166667
NE;Nordeste;2022-11-23;11799.96216667
S;Sul;2022-11-23;12819.85425000
SE;Sudeste/Centro-Oeste;2022-11-23;43226.64445833
N;Norte;2022-11-24;6682.85700000
NE;Nordeste;2022-11-24;11576.91783333
S;Sul;2022-11-24;12437.66858333
SE;Sudeste/Centro-Oeste;2022-11-24;40947.59450000
N;Norte;2022-11-25;6914.77150000
NE;Nordeste;2022-11-25;12070.56608333
S;Sul;2022-11-25;12631.92083333
SE;Sudeste/Centro-Oeste;2022-11-25;40444.38925000
N;Norte;2022-11-26;6425.07683333
NE;Nordeste;2022-11-26;11361.84162500
S;Sul;2022-11-26;11161.92395833
SE;Sudeste/Centro-Oeste;2022-11-26;37719.34720833
N;Norte;2022-11-27;6260.04754167
NE;Nordeste;2022-11-27;10534.42704167
S;Sul;2022-11-27;9635.18245833
SE;Sudeste/Centro-Oeste;2022-11-27;35128.83295833
N;Norte;2022-11-28;6574.79312500
NE;Nordeste;2022-11-28;11386.32837500
S;Sul;2022-11-28;12085.92320833
SE;Sudeste/Centro-Oeste;2022-11-28;39690.69325000
N;Norte;2022-11-29;6643.25275000
NE;Nordeste;2022-11-29;11880.20066667
S;Sul;2022-11-29;12953.82404167
SE;Sudeste/Centro-Oeste;2022-11-29;41506.01220833
N;Norte;2022-11-30;6649.46837500
NE;Nordeste;2022-11-30;11619.97900000
S;Sul;2022-11-30;13274.38862500
SE;Sudeste/Centro-Oeste;2022-11-30;41423.25245833
N;Norte;2022-12-01;6684.56304167
NE;Nordeste;2022-12-01;11436.02879167
S;Sul;2022-12-01;13540.92508333
SE;Sudeste/Centro-Oeste;2022-12-01;41832.37704167
N;Norte;2022-12-02;6472.32800000
NE;Nordeste;2022-12-02;11059.38304167
S;Sul;2022-12-02;13558.66408333
SE;Sudeste/Centro-Oeste;2022-12-02;41412.92329167
N;Norte;2022-12-03;6412.57425000
NE;Nordeste;2022-12-03;10740.07050000
S;Sul;2022-12-03;11885.11445833
SE;Sudeste/Centro-Oeste;2022-12-03;39372.85141667
N;Norte;2022-12-04;6190.87883333
NE;Nordeste;2022-12-04;9898.64341667
S;Sul;2022-12-04;10374.86033333
SE;Sudeste/Centro-Oeste;2022-12-04;35795.10933333
N;Norte;2022-12-05;6437.35133333
NE;Nordeste;2022-12-05;10829.13308333
S;Sul;2022-12-05;12997.92637500
SE;Sudeste/Centro-Oeste;2022-12-05;40293.57741667
N;Norte;2022-12-06;6685.51370833
NE;Nordeste;2022-12-06;11306.61433333
S;Sul;2022-12-06;13818.77416667
SE;Sudeste/Centro-Oeste;2022-12-06;41724.00308333
N;Norte;2022-12-07;6924.01529167
NE;Nordeste;2022-12-07;11742.45133333
S;Sul;2022-12-07;14011.12229167
SE;Sudeste/Centro-Oeste;2022-12-07;42106.10150000
N;Norte;2022-12-08;6851.43916667
NE;Nordeste;2022-12-08;11486.85795833
S;Sul;2022-12-08;14362.43220833
SE;Sudeste/Centro-Oeste;2022-12-08;41710.42708333
N;Norte;2022-12-09;6785.40291667
NE;Nordeste;2022-12-09;11403.19883333
S;Sul;2022-12-09;14387.51391667
SE;Sudeste/Centro-Oeste;2022-12-09;41363.42670833
N;Norte;2022-12-10;6650.41462500
NE;Nordeste;2022-12-10;11106.41250000
S;Sul;2022-12-10;12642.42633333
SE;Sudeste/Centro-Oeste;2022-12-10;39782.93775000
N;Norte;2022-12-11;6397.07375000
NE;Nordeste;2022-12-11;10558.17050000
S;Sul;2022-12-11;11369.84170833
SE;Sudeste/Centro-Oeste;2022-12-11;37309.52479167
N;Norte;2022-12-12;6901.46637500
NE;Nordeste;2022-12-12;11737.79870833
S;Sul;2022-12-12;14539.60725000
SE;Sudeste/Centro-Oeste;2022-12-12;43863.40604167
N;Norte;2022-12-13;6861.13279167
NE;Nordeste;2022-12-13;12012.06120833
S;Sul;2022-12-13;12848.94670833
SE;Sudeste/Centro-Oeste;2022-12-13;42966.69362500
N;Norte;2022-12-14;6866.39004167
NE;Nordeste;2022-12-14;12239.64995833
S;Sul;2022-12-14;12622.81766667
SE;Sudeste/Centro-Oeste;2022-12-14;40604.10708333
N;Norte;2022-12-15;6773.62187500
NE;Nordeste;2022-12-15;12230.79820833
S;Sul;2022-12-15;13304.17825000
SE;Sudeste/Centro-Oeste;2022-12-15;40624.01162500
N;Norte;2022-12-16;6833.97491667
NE;Nordeste;2022-12-16;11998.09883333
S;Sul;2022-12-16;13102.07120833
SE;Sudeste/Centro-Oeste;2022-12-16;41038.08850000
N;Norte;2022-12-17;6441.77179167
NE;Nordeste;2022-12-17;11262.09504167
S;Sul;2022-12-17;10975.00058333
SE;Sudeste/Centro-Oeste;2022-12-17;37536.31000000
N;Norte;2022-12-18;6140.40391667
NE;Nordeste;2022-12-18;10591.24545833
S;Sul;2022-12-18;9825.34195833
SE;Sudeste/Centro-Oeste;2022-12-18;34442.10375000
N;Norte;2022-12-19;6678.92970833
NE;Nordeste;2022-12-19;11811.73562500
S;Sul;2022-12-19;11823.84654167
SE;Sudeste/Centro-Oeste;2022-12-19;38560.51062500
N;Norte;2022-12-20;6625.38008333
NE;Nordeste;2022-12-20;12037.73404167
S;Sul;2022-12-20;11863.63333333
SE;Sudeste/Centro-Oeste;2022-12-20;38466.96295833
N;Norte;2022-12-21;6596.44391667
NE;Nordeste;2022-12-21;12118.42775000
S;Sul;2022-12-21;11734.80733333
SE;Sudeste/Centro-Oeste;2022-12-21;37626.93733333
N;Norte;2022-12-22;6358.63850000
NE;Nordeste;2022-12-22;12144.17308333
S;Sul;2022-12-22;11523.56350000
SE;Sudeste/Centro-Oeste;2022-12-22;37225.11666667
N;Norte;2022-12-23;6141.70133333
NE;Nordeste;2022-12-23;11983.16925000
S;Sul;2022-12-23;11306.42975000
SE;Sudeste/Centro-Oeste;2022-12-23;36686.35287500
N;Norte;2022-12-24;6051.93350000
NE;Nordeste;2022-12-24;10668.06333333
S;Sul;2022-12-24;10027.11983333
SE;Sudeste/Centro-Oeste;2022-12-24;34078.94879167
N;Norte;2022-12-25;5838.54750000
NE;Nordeste;2022-12-25;9497.09470833
S;Sul;2022-12-25;9030.33891667
SE;Sudeste/Centro-Oeste;2022-12-25;31015.94537500
N;Norte;2022-12-26;6314.40783333
NE;Nordeste;2022-12-26;10665.79725000
S;Sul;2022-12-26;10889.99200000
SE;Sudeste/Centro-Oeste;2022-12-26;36967.07345833
N;Norte;2022-12-27;6271.37308333
NE;Nordeste;2022-12-27;11259.35054167
S;Sul;2022-12-27;11627.47779167
SE;Sudeste/Centro-Oeste;2022-12-27;38310.27700000
N;Norte;2022-12-28;6173.62875000
NE;Nordeste;2022-12-28;11467.75541667
S;Sul;2022-12-28;11037.80020833
SE;Sudeste/Centro-Oeste;2022-12-28;38682.65679167
N;Norte;2022-12-29;6173.03287500
NE;Nordeste;2022-12-29;11419.34608333
S;Sul;2022-12-29;10650.70008333
SE;Sudeste/Centro-Oeste;2022-12-29;38267.85350000
N;Norte;2022-12-30;6320.07533333
NE;Nordeste;2022-12-30;11296.09733333
S;Sul;2022-12-30;10722.40108333
SE;Sudeste/Centro-Oeste;2022-12-30;36992.38462500
N;Norte;2022-12-31;6093.55125000
NE;Nordeste;2022-12-31;10567.90641667
S;Sul;2022-12-31;10238.20816667
SE;Sudeste/Centro-Oeste;2022-12-31;34074.97841667
